period,time,x,y,target,freeKick,rightFoot,leftFoot,head,opportunity,goal
1,327,87,27,1.0,0,1,0,0,0,0
1,407,90,69,0.0,0,1,0,0,0,0
1,526,86,30,0.0,0,0,1,0,0,0
1,693,93,60,0.0,0,0,0,1,1,1
1,1266,86,38,1.0,0,0,1,0,0,0
1,1647,73,32,1.0,0,1,0,0,0,0
1,1820,88,56,1.0,0,0,0,1,0,0
1,2532,93,38,0.0,0,0,1,0,1,1
2,371,80,67,0.0,0,1,0,0,1,0
2,632,92,60,1.0,0,0,1,0,1,0
2,1160,86,46,0.0,0,0,0,1,1,0
2,1338,88,67,0.0,0,1,0,0,1,0
2,1554,94,48,0.0,0,0,0,1,1,1
2,1667,69,31,1.0,0,1,0,0,1,0
2,1891,90,59,0.0,0,0,0,1,1,0
2,2194,87,69,1.0,0,0,1,0,0,0
2,2318,70,40,0.0,0,1,0,0,0,0
2,2749,86,29,0.0,0,0,1,0,1,1
2,2939,81,67,0.0,1,1,0,0,1,1
1,476,77,50,1.0,0,1,0,0,1,0
1,663,90,57,0.0,0,1,0,0,1,0
1,796,90,70,1.0,0,1,0,0,1,0
1,1349,82,32,1.0,0,0,1,0,1,0
1,1384,93,41,1.0,0,1,0,0,1,0
1,1549,81,62,0.0,0,1,0,0,1,0
1,1726,71,79,1.0,0,1,0,0,1,0
1,1893,72,50,1.0,1,1,0,0,0,0
1,2757,74,40,0.0,0,1,0,0,0,0
2,51,93,61,1.0,0,1,0,0,1,0
2,615,75,21,0.0,0,1,0,0,0,0
2,1350,73,66,1.0,0,1,0,0,0,0
2,1474,89,58,1.0,0,0,1,0,1,0
2,1611,79,79,0.0,0,1,0,0,1,0
2,2152,89,63,0.0,0,1,0,0,1,0
2,2249,81,43,1.0,0,1,0,0,1,0
2,2565,77,26,1.0,1,1,0,0,1,0
2,2567,88,51,1.0,0,1,0,0,1,0
2,2640,90,47,1.0,0,0,0,1,1,1
2,2985,86,69,0.0,0,1,0,0,0,0
1,282,78,26,0.0,0,0,1,0,0,0
1,320,89,46,0.0,0,0,0,1,1,0
1,336,75,50,0.0,0,1,0,0,1,0
1,781,80,57,0.0,0,0,1,0,0,0
1,852,95,42,1.0,0,0,0,1,1,0
1,928,89,29,1.0,0,1,0,0,1,0
1,1096,74,36,0.0,0,1,0,0,1,0
1,1382,71,30,0.0,0,1,0,0,0,0
1,1451,77,36,1.0,0,1,0,0,0,0
1,2030,94,32,1.0,0,0,0,1,1,0
1,2074,94,36,1.0,0,0,0,1,1,0
1,2300,72,44,0.0,0,0,1,0,0,0
1,2425,91,62,0.0,0,0,0,1,1,0
1,2469,87,58,1.0,0,0,1,0,1,0
2,90,75,74,0.0,0,1,0,0,0,0
2,628,88,37,1.0,0,0,1,0,1,0
2,818,93,58,0.0,0,0,1,0,1,1
2,970,89,60,0.0,0,1,0,0,1,1
2,1073,89,58,1.0,0,0,0,1,1,0
2,1308,83,49,1.0,0,1,0,0,1,0
2,1477,74,32,1.0,0,1,0,0,1,0
2,1781,96,38,0.0,0,0,0,1,1,0
2,2537,83,50,1.0,0,0,1,0,0,0
2,2689,82,72,1.0,0,0,1,0,1,0
1,113,81,32,0.0,0,0,1,0,0,0
1,442,75,42,1.0,1,1,0,0,0,0
1,731,91,37,0.0,0,0,1,0,1,0
1,1204,96,23,0.0,0,1,0,0,1,0
1,1228,94,76,1.0,0,1,0,0,1,0
1,1335,94,54,0.0,0,0,1,0,1,1
1,1470,91,69,0.0,0,1,0,0,1,0
1,1523,77,76,1.0,0,0,1,0,1,0
1,1700,92,58,1.0,0,1,0,0,1,0
1,2257,72,51,1.0,0,1,0,0,0,0
2,333,73,56,0.0,1,1,0,0,1,0
2,991,93,63,0.0,0,0,0,1,1,0
2,1086,87,75,0.0,0,0,1,0,0,0
2,1375,93,57,0.0,0,0,0,1,1,0
2,1913,90,40,0.0,0,1,0,0,1,0
2,2056,75,44,0.0,0,1,0,0,0,0
2,2057,89,59,0.0,0,0,0,1,1,0
2,2417,87,48,0.0,0,1,0,0,1,0
2,2598,84,51,0.0,0,1,0,0,0,0
2,2650,73,23,1.0,0,1,0,0,0,0
2,2691,91,62,1.0,0,0,0,1,1,0
2,2759,80,29,1.0,0,1,0,0,1,0
1,65,71,42,0.0,0,1,0,0,1,0
1,569,82,47,0.0,1,1,0,0,1,1
1,712,84,39,1.0,0,1,0,0,1,0
1,1361,78,26,0.0,0,0,1,0,1,0
1,1666,91,56,0.0,0,1,0,0,1,0
2,109,76,54,0.0,1,1,0,0,0,0
2,800,92,75,0.0,0,0,1,0,0,0
2,1372,47,38,0.0,0,1,0,0,0,0
2,1414,87,42,0.0,0,1,0,0,1,0
2,1489,77,74,1.0,0,1,0,0,0,0
2,1690,86,64,1.0,0,0,1,0,1,0
2,2216,75,30,0.0,0,0,1,0,1,0
2,2427,89,59,0.0,0,0,1,0,1,0
2,2660,82,28,0.0,0,0,1,0,1,0
2,2689,95,50,0.0,0,0,0,1,1,0
2,2691,99,49,0.0,0,0,1,0,1,1
2,2970,74,34,0.0,0,1,0,0,0,0
1,162,77,69,0.0,0,1,0,0,1,0
1,695,74,31,0.0,0,1,0,0,1,0
1,868,81,55,0.0,0,1,0,0,1,0
1,1287,82,65,1.0,0,0,1,0,1,1
1,1432,87,50,1.0,0,0,1,0,1,0
1,1499,72,52,0.0,0,0,1,0,1,0
1,1784,79,29,0.0,0,1,0,0,1,0
1,1881,74,71,0.0,0,1,0,0,0,0
1,1975,87,40,1.0,0,1,0,0,1,0
1,2021,82,31,1.0,0,1,0,0,1,0
1,2198,87,49,0.0,0,0,1,0,1,0
1,2455,86,52,0.0,0,1,0,0,1,0
2,540,89,68,0.0,0,1,0,0,1,0
2,679,87,45,1.0,0,0,0,1,1,0
2,741,83,72,0.0,0,1,0,0,0,0
2,864,74,56,0.0,0,1,0,0,0,0
2,1070,76,47,0.0,0,1,0,0,1,0
2,1416,88,61,0.0,0,0,0,1,1,0
2,1450,91,61,0.0,0,0,0,1,1,0
2,1518,76,64,1.0,0,1,0,0,1,0
2,1739,70,53,0.0,1,0,1,0,1,0
2,1871,81,29,1.0,0,1,0,0,0,0
2,2105,73,38,0.0,1,1,0,0,0,0
2,2158,93,35,0.0,0,1,0,0,1,0
2,2500,88,54,0.0,0,1,0,0,1,0
2,2732,78,72,0.0,0,1,0,0,0,0
2,2948,95,66,0.0,0,1,0,0,1,1
1,550,88,51,1.0,0,1,0,0,1,0
1,963,71,64,0.0,0,1,0,0,0,0
1,1077,77,76,0.0,1,1,0,0,0,0
1,1248,91,31,1.0,0,0,1,0,1,0
1,1386,88,53,1.0,0,1,0,0,1,1
1,1522,84,21,1.0,0,1,0,0,1,0
1,1710,76,70,1.0,1,0,1,0,0,0
1,2059,88,33,1.0,0,0,1,0,1,0
1,2311,92,51,1.0,0,0,0,1,1,0
1,2513,81,67,1.0,0,0,1,0,1,0
1,2620,82,50,0.0,0,0,1,0,1,1
2,235,72,32,0.0,0,1,0,0,0,0
2,544,97,56,1.0,0,1,0,0,1,1
2,743,83,66,1.0,0,1,0,0,1,1
2,1509,93,48,1.0,0,0,1,0,1,0
2,1827,91,77,0.0,0,1,0,0,1,0
2,2217,79,58,1.0,0,0,1,0,1,0
2,2523,75,52,0.0,1,1,0,0,1,1
2,2776,87,39,0.0,0,1,0,0,1,0
1,72,85,31,0.0,0,1,0,0,1,0
1,239,93,65,0.0,0,0,0,1,1,0
1,466,85,49,0.0,0,0,1,0,1,0
1,1097,94,58,0.0,0,0,1,0,1,0
1,1099,88,57,0.0,0,0,1,0,1,0
1,1460,93,49,1.0,0,1,0,0,0,0
1,1526,86,25,0.0,0,1,0,0,0,0
1,1529,76,53,0.0,0,1,0,0,0,0
1,1790,92,31,0.0,0,1,0,0,1,0
1,1892,94,72,1.0,0,1,0,0,1,0
1,2081,70,65,1.0,1,1,0,0,0,0
1,2538,91,70,1.0,0,1,0,0,1,0
1,2540,87,71,1.0,0,1,0,0,1,0
1,2585,83,46,1.0,0,1,0,0,0,0
1,2649,69,66,1.0,1,0,1,0,1,0
2,209,92,32,0.0,0,1,0,0,1,0
2,2058,79,40,0.0,0,0,1,0,1,0
2,2109,93,48,0.0,0,0,0,1,0,0
2,2494,77,66,0.0,0,0,1,0,0,0
2,2711,69,64,0.0,0,1,0,0,0,0
1,66,89,41,1.0,0,0,0,1,1,0
1,216,69,51,0.0,0,0,1,0,0,0
1,238,91,48,0.0,0,0,0,1,1,1
1,511,87,59,0.0,0,1,0,0,1,0
1,582,90,61,1.0,0,0,0,1,1,0
1,661,93,46,1.0,0,0,0,1,1,0
1,817,89,61,1.0,0,0,0,1,0,0
1,1037,88,31,1.0,0,0,1,0,1,0
1,1331,75,29,1.0,0,1,0,0,1,0
1,1893,77,39,0.0,1,1,0,0,0,0
1,2015,71,26,1.0,0,1,0,0,0,0
1,2334,87,41,0.0,0,1,0,0,1,0
1,2797,93,52,1.0,0,0,0,1,1,0
2,327,86,64,0.0,0,1,0,0,1,0
2,589,87,72,1.0,0,1,0,0,1,0
2,670,90,54,1.0,0,0,0,1,1,0
2,898,87,49,1.0,0,0,1,0,1,0
2,1348,80,72,1.0,1,0,1,0,1,0
2,1552,74,15,0.0,0,1,0,0,0,0
2,1976,91,56,1.0,0,0,0,1,1,0
2,2122,75,73,1.0,0,1,0,0,1,0
2,2206,72,83,0.0,0,1,0,0,0,0
2,2361,79,36,0.0,1,1,0,0,0,0
2,2685,90,57,1.0,0,0,1,0,1,0
2,2840,88,48,1.0,0,0,1,0,1,0
2,2985,71,20,0.0,0,1,0,0,0,0
1,210,81,77,1.0,0,1,0,0,0,0
1,354,74,30,0.0,0,0,1,0,0,0
1,835,76,50,0.0,0,0,1,0,1,0
1,1087,77,58,1.0,0,0,1,0,0,0
1,1312,69,40,1.0,1,1,0,0,0,0
1,1459,72,62,1.0,1,0,1,0,1,0
1,1768,93,51,1.0,0,0,1,0,1,0
1,1834,76,76,1.0,0,1,0,0,0,0
1,2465,93,44,1.0,0,0,1,0,1,0
1,2651,77,37,1.0,0,1,0,0,0,0
1,2770,88,59,1.0,0,0,1,0,1,0
2,221,94,48,1.0,0,1,0,0,1,0
2,240,78,52,1.0,0,1,0,0,1,0
2,370,88,60,1.0,0,1,0,0,1,0
2,445,87,39,0.0,0,1,0,0,1,0
2,514,90,42,1.0,0,1,0,0,1,1
2,865,90,45,0.0,0,0,0,1,1,0
2,1451,91,55,1.0,0,1,0,0,1,0
2,1921,80,66,1.0,1,1,0,0,0,0
2,2198,95,55,0.0,0,0,0,1,1,0
1,150,90,27,1.0,0,1,0,0,1,0
1,391,84,30,0.0,0,0,1,0,0,0
1,516,81,44,1.0,0,1,0,0,1,0
1,957,74,64,1.0,1,1,0,0,0,0
1,999,84,49,1.0,0,1,0,0,0,0
1,1273,77,24,0.0,1,1,0,0,1,0
1,2016,92,53,0.0,0,0,0,1,1,0
1,2353,70,33,1.0,0,1,0,0,1,0
1,2461,92,66,1.0,0,1,0,0,0,0
1,2661,82,71,1.0,0,1,0,0,1,1
2,973,75,32,1.0,0,0,1,0,0,0
2,1236,78,40,1.0,0,1,0,0,1,0
2,1553,73,27,1.0,0,1,0,0,1,0
2,1603,82,43,0.0,0,1,0,0,1,0
2,1906,77,66,1.0,0,1,0,0,1,0
2,2935,78,58,0.0,0,1,0,0,0,0
2,2937,93,43,0.0,0,0,1,0,1,0
1,804,90,55,1.0,0,0,1,0,1,1
1,1033,77,26,0.0,0,0,1,0,0,0
1,1131,95,46,0.0,0,1,0,0,1,1
1,1380,96,53,0.0,0,0,0,1,1,0
1,1422,84,43,0.0,0,1,0,0,0,0
1,1452,94,33,1.0,0,0,1,0,1,0
1,1569,89,37,0.0,0,0,1,0,0,0
1,2185,93,44,0.0,0,0,0,1,1,0
1,2557,78,39,1.0,0,0,1,0,1,0
2,576,79,77,1.0,0,1,0,0,1,0
2,636,73,76,0.0,0,1,0,0,0,0
2,795,89,68,0.0,0,0,1,0,0,0
2,973,95,46,0.0,0,0,0,1,1,0
2,1048,91,47,0.0,0,0,0,1,1,0
2,1396,82,37,0.0,0,1,0,0,0,0
2,1975,73,37,0.0,0,1,0,0,0,0
2,2095,90,66,1.0,0,0,1,0,1,0
2,2136,89,47,1.0,0,0,0,1,1,1
2,2403,93,53,0.0,0,0,0,1,0,0
2,2490,94,44,0.0,0,0,0,1,0,0
2,2733,95,54,0.0,0,1,0,0,1,1
1,91,95,70,0.0,0,1,0,0,1,0
1,251,75,36,0.0,1,1,0,0,1,0
1,337,78,50,0.0,0,1,0,0,1,0
1,2692,82,25,1.0,0,1,0,0,1,0
2,805,86,47,0.0,0,0,1,0,1,0
2,807,85,56,0.0,0,1,0,0,1,0
2,1406,70,42,0.0,0,0,1,0,0,0
2,1617,74,55,0.0,0,1,0,0,0,0
2,2094,86,55,0.0,0,1,0,0,1,0
2,2312,81,38,0.0,0,1,0,0,0,0
2,2551,80,83,0.0,1,0,1,0,0,0
2,2937,79,56,1.0,0,0,1,0,0,0
1,295,73,64,0.0,0,1,0,0,0,0
1,434,71,26,0.0,0,0,1,0,1,0
1,652,73,48,0.0,0,0,1,0,1,0
1,728,86,68,0.0,0,0,1,0,1,0
1,817,69,39,0.0,0,1,0,0,0,0
1,854,87,45,0.0,0,0,0,1,0,0
1,1179,93,34,1.0,0,0,1,0,0,0
1,1584,73,45,1.0,0,0,1,0,1,0
1,1704,90,60,0.0,0,1,0,0,1,0
1,2328,80,62,1.0,1,1,0,0,0,0
1,2331,79,55,1.0,0,1,0,0,1,0
1,2448,84,27,1.0,0,0,1,0,1,0
1,2822,95,60,1.0,0,0,0,1,1,0
2,298,92,71,0.0,0,1,0,0,0,0
2,330,76,45,1.0,0,1,0,0,0,0
2,476,85,74,1.0,0,0,1,0,0,0
2,814,91,37,1.0,0,0,1,0,1,1
2,910,91,36,0.0,0,0,1,0,1,0
2,1120,93,54,0.0,0,0,0,1,1,0
2,1390,92,63,0.0,0,0,1,0,0,0
2,1629,90,73,0.0,0,0,1,0,1,0
2,2011,93,53,0.0,0,1,0,0,1,0
2,2208,86,48,1.0,0,0,1,0,1,0
2,2302,89,56,0.0,0,1,0,0,1,0
2,2428,89,37,1.0,0,0,1,0,1,0
1,98,76,56,1.0,0,0,1,0,0,0
1,354,54,49,1.0,0,0,1,0,1,0
1,610,92,71,0.0,0,1,0,0,1,0
1,674,78,69,0.0,0,1,0,0,1,0
1,832,92,34,0.0,0,0,0,1,1,0
1,927,84,62,0.0,0,1,0,0,1,0
1,1412,79,35,1.0,0,0,1,0,0,0
1,1823,92,35,1.0,0,0,1,0,1,0
1,1979,88,43,0.0,0,1,0,0,1,0
1,2024,91,27,0.0,0,0,1,0,1,0
1,2025,97,49,0.0,0,1,0,0,1,1
1,2550,90,28,0.0,0,0,1,0,1,0
1,2553,91,33,0.0,0,0,1,0,1,0
2,296,74,43,1.0,0,1,0,0,1,0
2,753,82,29,1.0,0,1,0,0,0,0
2,944,75,39,1.0,0,1,0,0,1,0
2,1327,77,73,1.0,0,0,1,0,1,0
2,1705,99,29,1.0,0,0,1,0,1,0
2,2170,88,51,0.0,0,0,1,0,1,0
2,2524,72,38,1.0,1,1,0,0,1,0
2,2789,78,47,0.0,0,0,1,0,1,0
2,2929,88,37,0.0,0,0,1,0,1,0
1,102,92,53,0.0,0,0,0,1,1,0
1,252,79,64,1.0,0,0,1,0,0,0
1,289,91,51,1.0,0,0,0,1,1,0
1,368,87,44,0.0,0,0,1,0,1,1
1,1283,72,37,0.0,0,0,1,0,1,0
1,1347,72,43,1.0,0,0,1,0,1,0
1,1417,93,54,0.0,0,0,0,1,1,0
1,1794,88,56,1.0,0,1,0,0,1,0
1,1797,72,50,1.0,0,0,1,0,0,0
1,2116,88,54,1.0,0,0,0,1,1,0
1,2526,89,38,0.0,0,0,0,1,1,0
2,344,88,49,0.0,0,1,0,0,1,0
2,1515,71,45,1.0,0,1,0,0,1,0
2,1586,75,62,1.0,0,0,1,0,1,0
2,1608,76,34,0.0,0,1,0,0,1,0
2,1810,87,66,1.0,0,0,1,0,1,0
2,2026,88,67,1.0,0,0,0,1,0,0
2,2234,89,44,0.0,0,0,0,1,1,0
2,2563,92,25,1.0,0,1,0,0,1,0
2,2572,88,46,1.0,0,0,1,0,1,0
2,2684,79,60,0.0,0,1,0,0,1,0
2,2811,88,34,0.0,0,0,1,0,1,0
1,862,88,37,1.0,0,0,1,0,1,0
1,948,94,53,1.0,0,0,0,1,1,0
1,1969,80,78,1.0,0,1,0,0,1,0
1,2332,83,75,1.0,0,0,1,0,1,0
1,2686,72,77,1.0,0,0,1,0,0,0
1,2774,75,69,0.0,0,1,0,0,0,0
2,339,73,57,1.0,0,0,1,0,1,0
2,516,69,50,0.0,1,1,0,0,1,0
2,566,75,47,1.0,0,0,1,0,0,0
2,796,83,48,0.0,0,1,0,0,1,0
2,1042,74,38,0.0,0,0,1,0,0,0
2,1469,81,22,1.0,0,0,1,0,1,0
2,1713,88,36,1.0,0,0,0,1,1,0
2,2008,83,60,1.0,0,0,1,0,0,0
2,2213,76,56,1.0,0,0,1,0,1,0
1,257,76,62,0.0,0,1,0,0,1,0
1,686,82,54,0.0,0,0,1,0,0,0
1,1033,87,67,1.0,0,1,0,0,1,1
1,1446,91,47,1.0,0,0,0,1,1,0
1,1608,86,44,0.0,0,0,1,0,1,0
1,1970,69,44,1.0,0,0,1,0,0,0
1,2084,94,60,0.0,0,0,0,1,1,0
1,2381,91,45,0.0,0,0,0,1,1,0
2,248,92,45,1.0,0,0,1,0,1,1
2,382,89,60,0.0,0,0,0,1,1,0
2,584,74,71,0.0,1,1,0,0,0,0
2,625,88,58,0.0,0,0,0,1,0,0
2,782,91,43,0.0,0,0,0,1,1,0
2,836,88,35,0.0,0,0,1,0,1,0
2,863,89,40,0.0,0,1,0,0,1,0
2,1292,71,43,0.0,0,1,0,0,1,0
2,2272,72,43,0.0,1,1,0,0,1,0
1,17,76,65,1.0,0,0,1,0,0,0
1,472,87,47,0.0,0,0,0,1,1,0
1,511,94,74,1.0,0,1,0,0,1,0
1,541,81,73,1.0,0,0,1,0,0,0
1,542,90,43,1.0,0,1,0,0,1,0
1,761,68,55,0.0,0,1,0,0,1,0
1,998,74,55,0.0,0,0,1,0,1,0
1,1116,73,18,0.0,0,0,1,0,0,0
1,1121,86,38,0.0,0,0,1,0,1,1
1,1254,78,31,0.0,0,0,1,0,1,0
1,1365,90,25,1.0,0,0,1,0,0,0
1,1373,92,48,1.0,0,1,0,0,1,1
1,1647,87,45,0.0,0,0,0,1,1,0
1,1931,76,32,0.0,0,1,0,0,1,0
1,2290,93,25,0.0,0,0,1,0,0,0
1,2504,89,62,0.0,0,0,0,1,1,0
1,2671,94,31,1.0,0,1,0,0,1,0
1,2709,86,35,1.0,0,1,0,0,1,0
2,153,88,53,0.0,0,0,0,1,1,0
2,641,91,65,0.0,0,1,0,0,0,0
2,674,91,72,0.0,0,1,0,0,0,0
2,825,79,49,0.0,0,0,1,0,0,0
2,1141,84,68,0.0,0,0,1,0,0,0
2,1254,76,71,0.0,1,0,1,0,1,0
2,1471,79,74,0.0,0,0,1,0,0,0
2,1556,78,27,0.0,0,1,0,0,1,0
2,1661,74,73,0.0,1,0,1,0,0,0
2,2153,78,56,0.0,0,0,1,0,1,0
2,2276,81,32,0.0,0,1,0,0,0,0
2,2304,75,58,0.0,0,0,1,0,0,0
2,2535,78,62,0.0,0,1,0,0,1,0
2,2816,88,64,0.0,0,1,0,0,1,0
2,2999,71,44,0.0,1,0,1,0,0,0
1,757,70,55,1.0,0,1,0,0,0,0
1,801,80,66,0.0,0,1,0,0,1,0
1,923,73,50,0.0,0,1,0,0,1,0
1,1301,70,55,1.0,0,1,0,0,0,0
1,1878,80,44,0.0,0,1,0,0,0,0
1,1912,93,46,0.0,0,0,0,1,1,0
1,1995,88,46,1.0,0,0,1,0,1,0
1,2334,89,54,0.0,0,0,0,1,1,0
1,2518,89,75,0.0,0,1,0,0,1,0
1,2704,86,34,1.0,0,1,0,0,1,0
1,2746,74,67,1.0,0,1,0,0,0,0
2,213,88,70,1.0,0,0,1,0,1,0
2,288,69,48,0.0,0,1,0,0,1,0
2,369,90,27,1.0,0,1,0,0,1,0
2,831,88,47,1.0,0,0,0,1,1,0
2,1066,92,48,0.0,0,0,0,1,1,0
2,1889,88,63,1.0,0,0,1,0,1,0
2,2203,90,53,1.0,0,0,0,1,1,0
2,2476,69,29,1.0,0,1,0,0,0,0
2,2517,89,63,1.0,0,1,0,0,1,0
2,2806,91,64,0.0,0,1,0,0,1,0
1,248,93,32,1.0,0,0,1,0,1,0
1,749,87,47,0.0,0,1,0,0,1,0
1,1236,72,54,1.0,0,1,0,0,0,0
1,1755,89,41,0.0,0,0,1,0,1,0
1,1922,95,42,1.0,0,0,0,1,1,0
1,2794,80,44,1.0,0,1,0,0,1,0
2,216,76,33,0.0,0,0,1,0,0,0
2,439,91,33,0.0,0,0,1,0,1,0
2,457,89,35,1.0,0,1,0,0,1,1
2,1083,90,40,0.0,0,0,1,0,1,0
2,1087,98,41,0.0,0,0,1,0,1,0
2,1110,90,51,0.0,0,0,0,1,1,0
2,1227,94,58,1.0,0,1,0,0,1,0
2,1548,88,77,0.0,0,0,1,0,1,0
2,2071,84,31,1.0,0,1,0,0,0,0
2,2097,74,56,1.0,0,1,0,0,1,1
2,2289,81,32,0.0,0,1,0,0,1,0
2,2455,73,44,1.0,1,1,0,0,1,0
2,2458,85,43,1.0,0,0,0,1,0,0
2,2630,80,62,1.0,0,0,1,0,0,0
2,2633,69,68,1.0,0,1,0,0,0,0
2,2703,89,36,0.0,0,0,1,0,0,0
2,2743,81,48,1.0,0,1,0,0,1,0
2,2747,93,48,1.0,0,1,0,0,1,1
1,137,77,46,1.0,1,1,0,0,1,0
1,301,80,49,1.0,0,1,0,0,1,0
1,1220,96,36,1.0,0,0,1,0,0,0
1,2007,92,32,1.0,0,1,0,0,0,0
1,2675,97,52,1.0,0,0,1,0,1,0
2,14,76,67,0.0,0,1,0,0,1,0
2,203,88,56,0.0,0,1,0,0,1,1
2,693,69,33,0.0,0,1,0,0,1,0
2,1211,87,75,0.0,0,1,0,0,1,0
2,1327,81,33,1.0,0,1,0,0,1,0
2,1375,78,71,0.0,0,0,1,0,0,0
2,1406,79,46,0.0,0,1,0,0,0,0
2,1484,88,61,0.0,0,0,0,1,1,0
2,1589,94,59,0.0,0,0,0,1,1,0
2,1705,81,68,0.0,0,0,1,0,0,0
2,1718,83,32,0.0,0,1,0,0,1,0
2,1721,86,62,0.0,0,1,0,0,1,0
2,1756,94,47,0.0,0,1,0,0,1,1
2,2020,77,63,0.0,0,0,1,0,0,0
2,2314,80,60,0.0,0,0,1,0,1,0
2,2535,93,33,1.0,0,0,1,0,1,0
2,2602,70,48,0.0,0,1,0,0,0,0
2,2654,90,49,1.0,0,0,0,1,0,0
2,3068,85,36,0.0,0,0,1,0,0,0
1,364,80,45,0.0,0,1,0,0,0,0
1,430,87,32,1.0,0,0,1,0,1,0
1,504,77,33,0.0,0,1,0,0,1,0
1,835,93,61,1.0,0,1,0,0,1,1
1,1601,89,48,1.0,0,1,0,0,1,0
1,1997,78,30,1.0,1,0,1,0,1,0
1,2290,90,34,1.0,0,0,1,0,1,0
1,2461,74,57,0.0,0,1,0,0,0,0
1,2826,87,55,0.0,0,0,0,1,1,0
2,1545,74,51,0.0,0,1,0,0,1,0
2,1792,90,62,0.0,0,1,0,0,1,0
2,2096,89,46,1.0,0,0,1,0,1,0
2,2266,95,32,0.0,0,1,0,0,1,0
2,2339,74,69,0.0,1,1,0,0,1,0
2,2448,87,46,1.0,0,1,0,0,1,1
1,1136,82,54,1.0,0,1,0,0,0,0
1,1670,90,42,0.0,0,0,0,1,1,0
1,1826,77,23,0.0,1,1,0,0,1,0
1,2012,85,44,0.0,0,1,0,0,1,0
1,2014,84,51,0.0,0,1,0,0,1,0
1,2180,78,53,1.0,0,0,1,0,0,0
1,2344,74,56,1.0,0,1,0,0,0,0
1,2390,84,56,0.0,0,1,0,0,1,0
1,2458,74,60,1.0,0,1,0,0,0,0
1,2614,69,47,0.0,0,0,1,0,0,0
1,2703,89,52,0.0,0,1,0,0,1,0
1,2804,86,70,0.0,0,1,0,0,1,0
2,356,76,62,1.0,0,1,0,0,1,0
2,452,90,48,1.0,0,1,0,0,1,1
2,564,89,49,0.0,0,0,0,1,1,0
2,620,91,54,0.0,0,0,0,1,1,0
2,665,80,68,0.0,0,0,1,0,0,0
2,1209,89,77,0.0,0,1,0,0,1,0
2,1260,73,42,1.0,0,0,1,0,0,0
2,1623,93,32,0.0,0,0,1,0,1,0
2,1862,74,68,0.0,0,0,1,0,1,0
2,2361,77,71,1.0,1,0,1,0,1,0
2,2538,82,12,1.0,1,1,0,0,1,0
2,2588,88,39,1.0,0,1,0,0,1,0
2,2684,90,30,1.0,0,0,1,0,1,1
2,2770,79,51,1.0,0,1,0,0,1,0
2,2896,98,32,0.0,0,1,0,0,1,0
2,2919,90,39,0.0,0,0,0,1,1,0
1,177,88,54,1.0,0,1,0,0,1,0
1,657,96,45,0.0,0,0,1,0,1,0
1,919,67,31,0.0,1,1,0,0,0,0
1,1147,77,31,0.0,0,1,0,0,1,1
1,2357,88,32,1.0,0,1,0,0,0,0
1,2770,92,43,0.0,0,0,0,1,1,0
2,32,71,53,1.0,0,1,0,0,1,0
2,272,97,51,1.0,0,0,0,1,1,1
2,714,75,35,0.0,0,1,0,0,0,0
2,715,86,32,0.0,0,1,0,0,0,0
2,723,93,27,0.0,0,1,0,0,1,0
2,840,71,46,0.0,0,1,0,0,0,0
2,1242,74,61,0.0,0,1,0,0,0,0
2,1263,79,68,0.0,0,1,0,0,0,0
2,1275,78,68,0.0,0,0,1,0,0,0
2,1444,90,41,0.0,0,1,0,0,1,0
2,1629,64,71,1.0,0,0,1,0,1,0
2,1865,73,70,0.0,0,1,0,0,0,0
2,1925,74,38,0.0,0,1,0,0,1,0
2,2173,94,69,0.0,0,1,0,0,1,0
2,2542,89,35,0.0,0,0,0,1,1,0
2,2610,74,72,1.0,0,0,1,0,0,0
2,2683,91,46,0.0,0,0,0,1,1,0
2,2743,87,41,0.0,0,1,0,0,1,0
2,3034,92,36,0.0,0,0,1,0,1,0
1,60,84,47,1.0,0,0,0,1,1,0
1,101,98,67,0.0,0,1,0,0,1,0
1,146,89,52,0.0,0,0,0,1,1,0
1,409,75,20,1.0,0,0,1,0,0,0
1,680,93,62,0.0,0,0,0,1,1,0
1,758,87,61,1.0,0,1,0,0,0,0
1,2304,74,52,0.0,0,0,1,0,1,0
1,2499,78,35,0.0,0,1,0,0,1,0
2,287,90,49,1.0,0,1,0,0,1,0
2,535,91,49,1.0,0,0,0,1,1,0
2,657,73,76,1.0,1,0,1,0,1,1
2,1241,91,61,1.0,0,0,0,1,1,0
2,1798,78,51,1.0,0,1,0,0,0,0
2,1871,82,45,1.0,0,0,1,0,0,0
2,2005,84,64,0.0,0,0,1,0,0,0
2,2011,80,55,0.0,0,1,0,0,0,0
2,2686,83,31,1.0,0,0,1,0,1,0
2,2741,66,45,0.0,0,1,0,0,1,0
2,2837,89,31,0.0,0,0,0,1,0,0
2,2977,87,58,0.0,0,0,1,0,0,0
1,177,79,61,0.0,0,1,0,0,1,0
1,370,70,71,1.0,0,1,0,0,0,0
1,743,88,52,1.0,0,1,0,0,1,0
1,1351,88,29,0.0,0,0,0,1,1,0
1,1540,80,22,0.0,0,0,1,0,0,0
1,1694,79,22,0.0,0,0,1,0,1,0
1,1757,76,28,0.0,0,1,0,0,1,0
1,1998,82,67,0.0,0,0,1,0,1,0
1,2443,78,21,0.0,0,1,0,0,1,0
2,234,93,49,0.0,0,0,0,1,1,0
2,242,86,49,0.0,0,1,0,0,1,0
2,654,91,51,0.0,0,1,0,0,1,0
2,738,86,62,0.0,0,1,0,0,1,0
2,896,88,43,1.0,0,1,0,0,0,0
2,920,90,33,0.0,0,1,0,0,1,0
2,1080,80,31,0.0,0,0,1,0,1,0
2,1491,91,51,0.0,0,0,0,1,1,0
2,1598,83,48,0.0,0,1,0,0,1,0
2,1811,90,30,0.0,0,1,0,0,1,0
2,2381,74,32,0.0,0,1,0,0,1,0
2,2478,79,61,0.0,0,1,0,0,1,0
2,2727,92,48,0.0,0,1,0,0,1,1
2,2926,92,35,0.0,0,1,0,0,1,0
2,3109,96,51,0.0,0,0,1,0,1,1
1,198,70,65,1.0,0,0,1,0,1,0
1,254,90,47,0.0,0,0,0,1,1,0
1,288,90,48,0.0,0,0,0,1,1,1
1,487,76,77,1.0,0,0,1,0,0,0
1,590,89,42,1.0,0,0,1,0,1,0
1,793,86,43,0.0,0,0,0,1,1,0
1,916,81,68,0.0,0,1,0,0,1,0
1,1111,86,41,0.0,0,1,0,0,1,0
1,1346,81,51,1.0,0,0,1,0,0,0
1,1349,75,69,1.0,0,1,0,0,0,0
1,1526,93,38,1.0,0,0,0,1,1,0
1,1774,92,45,1.0,0,1,0,0,1,0
1,1807,91,57,1.0,0,0,0,1,1,0
1,2192,77,59,0.0,0,1,0,0,1,0
1,2519,89,53,0.0,0,0,0,1,1,0
1,2584,96,40,0.0,0,1,0,0,1,0
1,2742,78,58,0.0,0,0,1,0,1,0
2,264,76,20,1.0,0,1,0,0,0,0
2,388,89,51,0.0,0,0,0,1,1,0
2,409,87,66,1.0,0,0,1,0,0,0
2,415,79,33,1.0,0,0,1,0,1,1
2,753,87,78,1.0,0,0,1,0,1,0
2,1884,87,39,0.0,0,1,0,0,0,0
2,2190,72,43,1.0,0,1,0,0,1,0
2,2258,74,51,1.0,0,0,1,0,1,0
2,2298,89,60,1.0,0,1,0,0,1,0
2,2414,75,30,1.0,1,0,1,0,1,0
2,2441,88,41,1.0,0,0,1,0,0,0
2,2677,90,36,1.0,0,0,1,0,1,1
2,3028,78,43,1.0,0,0,1,0,1,0
1,100,86,46,1.0,0,1,0,0,0,0
1,827,76,60,0.0,0,0,1,0,0,0
1,1465,95,33,1.0,0,0,1,0,1,0
1,1725,93,34,1.0,0,1,0,0,1,0
1,1993,90,53,0.0,0,0,1,0,1,0
1,2101,88,54,1.0,0,1,0,0,1,1
1,2377,75,60,0.0,0,0,1,0,0,0
1,2756,83,13,1.0,0,1,0,0,1,0
2,547,77,66,0.0,0,1,0,0,0,0
2,680,91,30,1.0,0,0,1,0,1,0
2,920,91,48,0.0,0,0,0,1,1,0
2,1049,86,36,0.0,0,1,0,0,1,0
2,1171,92,42,0.0,0,0,0,1,1,0
2,1340,95,49,1.0,0,0,0,1,1,1
2,1480,84,50,1.0,0,1,0,0,0,0
2,1531,77,50,1.0,0,0,1,0,1,0
2,1633,89,35,1.0,0,1,0,0,0,0
2,1967,69,54,1.0,0,1,0,0,0,0
2,2030,90,54,0.0,0,0,1,0,1,0
2,2227,88,57,1.0,0,1,0,0,1,0
2,2513,88,49,0.0,0,1,0,0,0,0
2,2582,88,27,1.0,0,1,0,0,0,0
2,2776,81,75,0.0,0,0,1,0,1,0
2,2860,91,65,1.0,0,1,0,0,1,0
1,207,90,61,0.0,0,1,0,0,1,0
1,309,79,67,1.0,0,0,1,0,1,0
1,317,91,54,1.0,0,0,0,1,1,0
1,335,79,61,1.0,0,0,1,0,1,0
1,411,80,36,1.0,0,0,1,0,1,0
1,569,85,22,1.0,0,1,0,0,1,0
1,989,79,43,0.0,0,1,0,0,1,0
1,1130,88,21,1.0,0,0,1,0,1,0
1,1406,90,26,1.0,0,1,0,0,0,0
1,1829,93,53,0.0,0,1,0,0,1,1
1,1956,87,55,0.0,0,1,0,0,1,0
1,2297,74,72,0.0,0,0,1,0,0,0
1,2735,74,55,0.0,0,0,1,0,0,0
2,160,90,42,1.0,0,0,1,0,1,0
2,219,71,22,0.0,0,0,1,0,1,0
2,419,98,68,0.0,0,1,0,0,1,0
2,520,79,37,1.0,0,1,0,0,0,0
2,534,90,34,1.0,0,0,1,0,1,0
2,628,93,51,1.0,0,0,0,1,1,1
2,1113,74,38,1.0,0,1,0,0,1,0
2,1549,76,38,0.0,0,0,1,0,0,0
2,1937,91,54,0.0,0,0,0,1,1,0
2,1996,87,73,1.0,0,1,0,0,1,0
2,2523,88,36,0.0,0,1,0,0,1,1
1,57,90,35,1.0,0,1,0,0,1,0
1,160,94,71,0.0,0,1,0,0,1,0
1,392,85,50,0.0,0,0,1,0,1,0
1,508,74,51,1.0,1,1,0,0,1,0
1,596,69,51,1.0,0,1,0,0,1,0
1,834,89,45,1.0,0,0,0,1,1,0
1,929,76,41,0.0,0,1,0,0,1,0
1,953,74,40,0.0,0,1,0,0,0,0
1,1169,86,54,0.0,0,0,1,0,1,0
1,1312,77,32,0.0,0,0,1,0,1,0
1,1354,82,37,1.0,0,0,1,0,0,0
1,1561,76,45,1.0,0,1,0,0,1,0
1,1714,78,42,1.0,0,1,0,0,1,0
1,2072,90,40,1.0,0,1,0,0,1,1
1,2202,88,61,0.0,0,1,0,0,0,0
1,2282,78,61,0.0,1,1,0,0,1,0
1,2687,82,45,1.0,0,0,1,0,1,0
2,152,74,38,0.0,0,0,1,0,1,0
2,439,77,51,0.0,0,0,1,0,1,0
2,564,87,33,0.0,0,1,0,0,1,0
2,590,85,45,0.0,0,1,0,0,0,0
2,700,86,37,1.0,0,0,1,0,1,0
2,958,82,34,0.0,0,1,0,0,0,0
2,1145,90,47,0.0,0,1,0,0,1,0
2,1304,86,35,0.0,0,1,0,0,1,0
2,1324,95,41,0.0,0,1,0,0,1,0
2,1557,95,71,0.0,0,1,0,0,1,0
2,1823,80,58,0.0,0,1,0,0,1,0
2,1888,87,47,0.0,0,0,1,0,1,0
2,1926,75,49,1.0,0,1,0,0,0,0
2,2003,78,65,0.0,0,0,1,0,0,0
2,2171,82,66,1.0,0,1,0,0,1,0
2,2316,78,37,0.0,0,0,1,0,1,0
2,2519,92,47,0.0,0,0,0,1,1,0
2,2613,96,46,0.0,0,1,0,0,1,0
2,2620,79,38,0.0,0,1,0,0,1,0
2,2687,78,73,0.0,0,0,1,0,1,0
1,1201,92,43,0.0,0,0,1,0,1,0
1,1251,89,50,0.0,0,0,0,1,1,0
1,1692,91,38,0.0,0,0,0,1,0,0
1,1694,90,39,0.0,0,0,1,0,0,0
1,2203,86,73,1.0,0,0,1,0,0,0
1,2340,75,24,0.0,0,1,0,0,0,0
1,2524,96,39,0.0,0,1,0,0,1,0
1,2625,75,34,0.0,0,1,0,0,0,0
1,2629,86,35,0.0,0,1,0,0,1,0
1,2775,90,48,0.0,0,0,0,1,1,0
2,208,79,42,0.0,0,1,0,0,1,0
2,394,89,31,1.0,0,0,0,1,1,0
2,645,92,41,0.0,0,0,0,1,1,0
2,683,79,26,1.0,0,1,0,0,0,0
2,1403,69,60,0.0,0,1,0,0,0,0
2,1408,80,40,0.0,0,1,0,0,0,0
2,1520,81,62,0.0,0,1,0,0,0,0
2,2192,79,73,1.0,0,0,1,0,0,0
2,2758,91,42,1.0,0,0,0,1,1,0
1,123,93,54,0.0,0,1,0,0,1,0
1,170,84,47,0.0,0,0,1,0,0,0
1,721,87,51,1.0,0,1,0,0,1,0
1,950,78,69,0.0,0,0,1,0,0,0
1,1048,88,55,1.0,0,1,0,0,0,0
1,1102,74,54,0.0,0,1,0,0,0,0
1,1908,93,56,1.0,0,1,0,0,1,1
1,2329,73,34,0.0,0,1,0,0,1,0
1,2682,73,82,0.0,0,0,1,0,1,0
1,2814,87,56,1.0,0,0,0,1,1,0
2,149,92,48,0.0,0,0,1,0,1,1
2,206,82,31,0.0,0,1,0,0,1,0
2,311,90,64,0.0,0,0,0,1,1,0
2,658,91,40,0.0,0,0,1,0,1,0
2,1068,86,34,0.0,0,0,1,0,0,0
2,1161,78,45,0.0,0,1,0,0,1,0
2,1635,88,28,0.0,0,1,0,0,0,0
2,1809,79,24,1.0,0,0,1,0,1,0
2,2116,90,60,0.0,0,1,0,0,1,0
2,2536,90,47,0.0,0,0,0,1,1,0
2,2782,83,59,0.0,0,0,1,0,1,0
2,2923,90,74,1.0,0,1,0,0,1,0
2,2982,91,22,0.0,1,1,0,0,1,1
1,698,88,59,1.0,0,0,0,1,1,0
1,1275,87,67,0.0,0,0,1,0,1,0
1,1277,88,67,0.0,0,1,0,0,1,0
1,1281,79,61,0.0,0,0,1,0,0,0
1,1339,89,55,0.0,0,0,0,1,1,0
1,1632,86,58,1.0,0,1,0,0,1,0
1,1853,73,50,0.0,1,1,0,0,1,0
1,2317,97,30,0.0,0,1,0,0,1,0
1,2555,88,29,1.0,0,1,0,0,1,0
1,2661,78,66,0.0,0,0,1,0,0,0
1,2665,80,41,0.0,0,0,1,0,0,0
2,302,78,26,1.0,0,1,0,0,1,0
2,366,76,54,1.0,0,1,0,0,1,0
2,411,88,63,0.0,0,1,0,0,1,0
2,463,86,86,0.0,0,0,1,0,1,0
2,645,83,18,0.0,0,1,0,0,1,0
2,762,78,45,1.0,0,1,0,0,0,0
2,766,84,40,1.0,0,0,1,0,1,0
2,893,79,44,1.0,0,0,1,0,0,0
2,961,87,47,0.0,0,0,1,0,1,0
2,991,79,72,1.0,0,0,1,0,1,0
2,1229,91,36,1.0,0,1,0,0,1,1
2,1450,80,49,0.0,0,0,1,0,1,0
2,1685,71,60,0.0,0,1,0,0,0,0
2,2203,73,60,0.0,0,0,1,0,0,0
2,2567,75,48,0.0,0,1,0,0,0,0
2,2798,78,56,1.0,0,1,0,0,0,0
2,2830,77,74,0.0,0,0,1,0,1,1
1,826,90,52,1.0,0,0,0,1,1,0
1,1102,73,58,0.0,1,1,0,0,1,0
1,1145,71,64,0.0,0,1,0,0,0,0
1,1443,91,63,0.0,0,1,0,0,1,0
1,1927,79,51,1.0,0,0,1,0,0,0
1,2289,91,67,1.0,0,1,0,0,1,0
1,2325,95,41,1.0,0,1,0,0,1,0
1,2764,89,75,1.0,0,0,1,0,0,0
1,2869,78,65,0.0,0,1,0,0,1,0
2,31,72,39,0.0,0,1,0,0,1,0
2,121,92,52,1.0,0,0,0,1,1,0
2,224,70,45,1.0,0,1,0,0,1,0
2,333,89,48,1.0,0,1,0,0,1,0
2,491,87,64,1.0,0,0,1,0,0,0
2,492,73,58,1.0,0,1,0,0,0,0
2,950,88,38,1.0,0,0,1,0,1,0
2,1025,78,58,0.0,0,1,0,0,0,0
2,1117,91,31,1.0,0,1,0,0,1,0
2,1354,91,47,1.0,0,0,0,1,1,0
2,1447,72,50,1.0,0,0,1,0,0,0
2,1964,84,39,0.0,0,1,0,0,1,0
2,2207,91,57,1.0,0,0,0,1,1,0
2,2264,77,63,1.0,0,1,0,0,1,0
2,2331,90,31,1.0,0,1,0,0,1,0
2,2335,74,43,1.0,0,1,0,0,0,0
2,2485,93,51,1.0,0,0,0,1,1,0
2,2560,83,48,1.0,0,1,0,0,1,0
2,2589,71,43,0.0,0,1,0,0,1,0
2,2646,80,56,0.0,0,0,1,0,0,0
2,2768,96,57,0.0,0,0,1,0,1,1
2,2966,94,64,1.0,0,0,0,1,1,0
2,3052,95,39,0.0,0,0,1,0,1,1
2,3147,81,46,1.0,0,1,0,0,0,0
2,3158,85,55,1.0,0,1,0,0,1,0
2,3186,90,41,1.0,0,0,1,0,0,0
2,3220,93,46,1.0,0,0,0,1,1,0
1,300,92,16,1.0,1,1,0,0,1,0
1,544,77,68,0.0,0,0,1,0,1,0
1,682,97,43,1.0,0,1,0,0,1,0
1,850,77,60,1.0,0,1,0,0,0,0
1,971,83,52,0.0,0,0,1,0,1,0
1,1049,90,39,1.0,0,1,0,0,1,0
1,1280,84,81,0.0,0,0,1,0,1,0
1,1355,75,45,0.0,0,0,1,0,1,0
1,1674,81,34,1.0,0,0,1,0,0,0
1,1829,95,49,1.0,0,1,0,0,1,0
1,1973,85,35,1.0,0,1,0,0,0,0
1,2108,79,37,0.0,0,1,0,0,0,0
1,2297,87,63,0.0,0,0,1,0,1,0
1,2379,84,34,0.0,0,1,0,0,0,0
1,2664,88,72,0.0,0,1,0,0,1,0
1,2797,93,33,1.0,0,0,1,0,1,0
2,286,89,57,1.0,0,1,0,0,1,0
2,287,95,43,1.0,0,0,1,0,1,1
2,405,86,45,1.0,0,0,1,0,1,0
2,469,93,22,0.0,0,0,1,0,1,0
2,518,87,35,1.0,0,1,0,0,1,0
2,789,88,36,1.0,0,0,0,1,1,0
2,1138,70,66,0.0,0,1,0,0,0,0
2,1249,75,60,0.0,0,1,0,0,1,0
2,1355,91,38,0.0,0,0,0,1,1,0
2,1493,88,46,0.0,0,0,0,1,1,0
2,2113,77,65,0.0,1,0,1,0,0,0
2,2140,98,32,0.0,0,1,0,0,1,0
2,2142,98,55,0.0,0,0,0,1,1,0
2,2625,81,64,0.0,0,1,0,0,1,0
2,2830,73,64,0.0,0,0,1,0,1,0
2,2876,80,23,0.0,0,1,0,0,1,0
1,40,92,45,0.0,0,0,1,0,1,0
1,349,87,31,0.0,0,1,0,0,1,0
1,380,85,66,0.0,0,1,0,0,1,0
1,661,98,33,0.0,0,0,1,0,1,0
1,1091,89,70,0.0,0,1,0,0,1,0
1,1274,80,27,0.0,0,1,0,0,1,0
1,1506,85,69,0.0,0,1,0,0,1,0
1,1674,84,10,0.0,1,1,0,0,0,0
1,2222,89,67,0.0,0,1,0,0,1,0
1,2313,84,49,1.0,0,1,0,0,0,0
1,2400,83,65,0.0,0,1,0,0,1,0
1,2478,76,62,1.0,0,1,0,0,1,0
2,101,88,73,0.0,0,1,0,0,1,1
2,402,78,27,0.0,1,1,0,0,1,0
2,539,91,63,1.0,0,1,0,0,1,0
2,584,89,51,1.0,0,0,0,1,0,0
2,760,80,39,1.0,0,1,0,0,1,0
2,1195,75,46,0.0,1,1,0,0,0,0
2,1391,93,54,0.0,0,0,0,1,1,1
2,1593,80,76,1.0,0,1,0,0,1,0
2,1781,88,37,0.0,0,0,1,0,1,1
2,2244,77,31,0.0,1,1,0,0,0,0
2,2629,78,24,1.0,1,1,0,0,1,0
1,127,92,48,1.0,0,1,0,0,1,0
1,165,88,40,1.0,0,0,0,1,0,0
1,595,79,54,1.0,0,1,0,0,0,0
1,631,90,61,1.0,0,0,0,1,1,0
1,634,97,55,1.0,0,1,0,0,1,1
1,1042,75,56,1.0,0,1,0,0,1,0
1,1369,72,27,0.0,0,1,0,0,0,0
1,1411,98,63,1.0,0,1,0,0,1,0
1,1569,75,52,0.0,0,1,0,0,0,0
1,1622,87,44,0.0,0,0,0,1,0,0
1,1808,91,73,1.0,0,0,0,1,1,0
1,2546,89,51,1.0,0,0,1,0,0,0
1,2633,91,71,1.0,0,1,0,0,1,0
2,354,91,49,1.0,0,0,0,1,1,0
2,1421,73,34,1.0,1,1,0,0,1,0
2,1565,89,68,0.0,0,1,0,0,0,0
2,1580,75,56,0.0,0,0,1,0,0,0
2,2021,78,44,1.0,1,1,0,0,1,0
2,2733,97,43,1.0,0,0,0,1,1,1
1,144,75,62,0.0,0,0,1,0,1,0
1,703,91,28,0.0,0,1,0,0,0,0
1,724,87,59,0.0,0,0,1,0,1,0
1,868,79,21,0.0,0,1,0,0,1,0
1,921,86,36,0.0,0,0,1,0,1,1
1,1030,90,45,1.0,0,0,0,1,1,1
1,1129,88,33,0.0,0,1,0,0,1,0
1,1248,79,64,0.0,0,1,0,0,1,0
1,1664,80,38,0.0,0,0,1,0,0,0
1,1821,83,54,1.0,0,1,0,0,1,0
1,1924,71,36,1.0,0,1,0,0,1,0
1,2306,73,39,1.0,0,1,0,0,1,0
1,2879,93,62,0.0,0,1,0,0,1,1
2,114,93,63,0.0,0,1,0,0,1,0
2,296,72,29,1.0,0,0,1,0,1,0
2,338,89,46,0.0,0,0,1,0,1,1
2,510,90,52,1.0,0,0,0,1,0,0
2,625,73,64,1.0,0,1,0,0,1,0
2,957,81,32,0.0,0,1,0,0,1,0
2,1126,76,37,0.0,0,1,0,0,0,0
2,1222,81,59,1.0,0,1,0,0,0,0
2,1266,73,34,1.0,0,0,1,0,1,0
2,1464,71,52,1.0,0,0,1,0,0,0
2,1823,93,38,0.0,0,0,1,0,1,0
2,2040,88,31,0.0,0,1,0,0,1,0
2,2041,94,51,0.0,0,0,1,0,1,0
2,2048,91,74,0.0,0,1,0,0,1,0
2,2131,91,54,0.0,0,0,1,0,1,0
2,2137,90,71,0.0,0,0,1,0,1,0
2,2180,77,72,0.0,0,1,0,0,0,0
2,2658,93,45,0.0,0,0,1,0,1,1
2,2731,53,51,1.0,0,1,0,0,0,0
2,2776,80,44,0.0,0,0,1,0,1,0
2,2845,90,57,1.0,0,1,0,0,1,1
1,228,70,51,1.0,0,1,0,0,0,0
1,259,85,44,1.0,0,0,1,0,1,0
1,470,90,50,0.0,0,0,0,1,1,1
1,913,75,69,1.0,0,0,1,0,1,0
1,1888,97,34,0.0,0,0,0,1,1,0
1,2111,80,44,0.0,0,1,0,0,1,1
1,2354,96,50,0.0,0,0,0,1,1,0
1,2356,98,46,0.0,0,0,0,1,1,1
1,2516,82,51,0.0,0,1,0,0,0,0
2,964,80,62,0.0,0,0,1,0,1,0
2,966,89,58,0.0,0,1,0,0,1,1
2,1651,86,50,0.0,0,1,0,0,1,0
2,1831,95,41,1.0,0,1,0,0,1,0
2,1936,90,54,1.0,0,1,0,0,1,1
2,2176,77,38,0.0,0,1,0,0,1,0
2,2927,88,52,1.0,0,0,1,0,1,0
2,2942,74,27,1.0,0,0,1,0,0,0
1,347,65,66,1.0,0,1,0,0,1,0
1,670,75,26,0.0,0,1,0,0,0,0
1,784,91,56,0.0,0,0,0,1,1,0
1,1564,90,65,1.0,0,1,0,0,1,0
1,1601,89,38,1.0,0,1,0,0,1,0
1,1610,70,65,1.0,0,1,0,0,0,0
1,2031,92,43,0.0,0,0,0,1,1,0
1,2076,71,61,1.0,0,0,1,0,0,0
1,2221,83,40,1.0,0,1,0,0,0,0
1,2342,89,30,1.0,0,1,0,0,0,0
1,2569,85,78,1.0,0,0,1,0,0,0
2,173,90,31,0.0,0,1,0,0,1,0
2,306,88,68,1.0,0,0,1,0,1,1
2,501,75,67,0.0,1,1,0,0,0,0
2,589,91,70,1.0,0,0,1,0,0,0
2,1236,86,43,0.0,0,1,0,0,1,0
2,1301,71,70,0.0,0,0,1,0,0,0
2,1494,80,38,0.0,0,0,1,0,0,0
2,2126,74,75,0.0,1,1,0,0,1,0
2,2245,86,35,0.0,0,0,1,0,1,0
2,2585,79,62,1.0,0,1,0,0,1,0
2,2594,88,24,1.0,0,1,0,0,0,0
2,2790,95,30,1.0,0,0,1,0,1,0
1,414,82,50,1.0,0,1,0,0,0,0
1,417,90,36,1.0,0,1,0,0,1,0
1,505,68,22,0.0,0,0,1,0,0,0
1,540,77,50,1.0,0,1,0,0,0,0
1,955,89,33,1.0,0,1,0,0,1,0
1,1134,93,42,1.0,0,0,0,1,1,0
1,1255,86,60,1.0,0,1,0,0,1,0
1,1950,75,30,0.0,0,1,0,0,1,0
1,1954,87,37,0.0,0,1,0,0,0,0
1,1962,74,40,0.0,0,0,1,0,1,0
1,2293,93,43,1.0,0,0,0,1,1,0
1,2442,91,62,1.0,0,1,0,0,1,0
1,2720,88,69,1.0,0,1,0,0,1,0
1,2722,91,73,1.0,0,1,0,0,1,0
2,316,95,49,1.0,0,1,0,0,1,1
2,464,90,58,1.0,0,1,0,0,1,0
2,706,82,64,1.0,0,1,0,0,0,0
2,988,89,72,1.0,0,1,0,0,1,0
2,1049,86,55,0.0,0,1,0,0,1,0
2,1220,97,57,1.0,0,1,0,0,1,1
2,1493,86,37,0.0,0,0,1,0,1,0
2,2855,87,35,0.0,0,0,1,0,1,0
2,3020,77,68,0.0,1,1,0,0,1,0
1,757,71,49,1.0,1,1,0,0,0,0
1,1076,88,34,1.0,0,0,1,0,1,0
1,1154,92,58,0.0,0,0,0,1,1,0
1,1365,81,50,0.0,0,0,1,0,0,0
1,2218,78,57,1.0,0,1,0,0,1,0
1,2501,93,48,1.0,0,0,0,1,1,0
1,2769,77,78,1.0,0,1,0,0,0,0
2,300,78,63,0.0,1,1,0,0,1,0
2,377,89,40,1.0,0,0,1,0,1,0
2,631,90,67,0.0,0,1,0,0,1,0
2,898,91,49,1.0,0,1,0,0,1,1
2,1278,72,59,0.0,0,1,0,0,0,0
2,1477,94,53,0.0,0,0,1,0,1,0
2,2005,89,64,0.0,0,0,0,1,1,0
2,2117,89,51,1.0,0,0,1,0,1,0
2,2165,94,36,0.0,0,0,1,0,1,0
2,2441,93,42,0.0,0,0,0,1,1,1
2,2775,73,43,0.0,0,0,1,0,0,0
1,166,86,47,1.0,0,0,1,0,1,0
1,167,85,46,1.0,0,0,1,0,1,0
1,693,90,56,0.0,0,0,1,0,1,0
1,870,89,32,1.0,0,1,0,0,1,0
1,913,72,66,0.0,0,0,1,0,0,0
1,1527,82,75,0.0,0,1,0,0,0,0
1,1879,92,28,1.0,0,1,0,0,1,0
1,2013,90,58,0.0,0,1,0,0,1,0
1,2291,81,75,0.0,1,0,1,0,1,1
2,500,94,34,1.0,0,0,1,0,1,0
2,681,87,43,1.0,0,1,0,0,1,0
2,836,91,45,1.0,0,0,0,1,1,0
2,931,90,73,1.0,0,1,0,0,1,0
2,1217,87,30,1.0,0,1,0,0,0,0
2,1544,75,78,1.0,0,0,1,0,1,0
2,1621,91,61,1.0,0,1,0,0,1,0
2,1660,93,47,1.0,0,0,0,1,1,1
2,1940,91,66,0.0,0,0,1,0,1,0
2,1958,88,28,0.0,0,1,0,0,0,0
2,1968,90,53,0.0,0,0,0,1,0,0
2,2182,89,56,1.0,0,0,0,1,0,0
1,890,73,67,1.0,0,1,0,0,0,0
1,1063,73,66,0.0,0,0,1,0,0,0
1,2050,72,31,1.0,0,1,0,0,0,0
1,2346,94,48,1.0,0,0,0,1,1,1
2,208,95,55,0.0,0,0,0,1,1,0
2,328,70,66,1.0,0,0,1,0,1,0
2,362,82,63,1.0,0,1,0,0,1,0
2,427,87,58,1.0,0,0,1,0,0,0
2,635,80,47,1.0,0,0,1,0,0,0
2,676,71,58,1.0,0,1,0,0,0,0
2,769,89,37,0.0,0,0,1,0,1,0
2,1259,90,49,0.0,0,0,0,1,1,0
2,1445,89,58,1.0,0,1,0,0,1,1
2,1686,78,59,0.0,0,1,0,0,0,0
2,1785,86,47,1.0,0,1,0,0,1,1
2,2111,94,41,0.0,0,1,0,0,1,0
2,2327,96,57,1.0,0,1,0,0,1,0
2,2396,74,12,1.0,1,0,1,0,1,0
2,2573,74,37,0.0,0,1,0,0,1,0
2,2643,72,60,1.0,0,0,1,0,0,0
1,316,72,36,1.0,0,1,0,0,1,0
1,656,89,28,1.0,0,1,0,0,1,0
1,658,94,42,1.0,0,1,0,0,1,1
1,798,95,74,1.0,0,1,0,0,1,0
1,925,75,43,0.0,0,1,0,0,0,0
1,1297,88,56,1.0,0,1,0,0,1,0
1,2002,89,36,0.0,0,1,0,0,1,1
1,2315,85,70,1.0,0,0,1,0,1,0
1,2369,75,81,0.0,0,0,1,0,1,0
2,239,91,45,0.0,0,0,0,1,1,0
2,265,87,63,1.0,0,1,0,0,1,0
2,357,82,47,1.0,0,1,0,0,1,0
2,574,78,67,1.0,0,0,1,0,1,0
2,1138,89,23,0.0,0,1,0,0,1,0
2,1527,93,62,1.0,0,1,0,0,1,1
2,1755,90,59,0.0,0,0,1,0,1,0
2,1954,92,57,0.0,0,0,1,0,1,1
2,2332,91,46,1.0,0,0,0,1,1,0
2,2940,92,60,1.0,0,0,1,0,1,0
1,718,94,40,0.0,0,0,0,1,1,0
1,769,80,37,0.0,0,1,0,0,1,0
1,896,80,44,1.0,0,1,0,0,0,0
1,918,80,47,0.0,0,0,1,0,1,0
1,1376,78,50,1.0,0,0,1,0,0,0
1,1913,87,47,1.0,0,0,0,1,1,0
1,1954,67,69,1.0,0,1,0,0,0,0
1,2050,94,74,0.0,0,1,0,0,1,0
1,2219,85,70,1.0,0,1,0,0,0,0
2,463,80,33,0.0,0,1,0,0,0,0
2,753,96,37,0.0,0,1,0,0,1,0
2,840,96,52,1.0,0,1,0,0,1,1
2,1009,85,43,0.0,0,1,0,0,0,0
2,1096,75,49,1.0,0,0,1,0,0,0
2,1344,89,35,1.0,0,0,0,1,1,0
2,1612,93,43,0.0,0,0,0,1,1,0
2,1713,89,48,1.0,0,1,0,0,1,0
2,1961,89,47,1.0,0,0,0,1,1,0
1,16,80,32,0.0,0,1,0,0,0,0
1,721,76,65,1.0,1,0,1,0,1,0
1,1598,90,26,0.0,0,1,0,0,1,0
1,1633,88,74,0.0,0,0,1,0,1,0
1,2223,73,41,0.0,1,1,0,0,0,0
2,1093,73,66,0.0,1,1,0,0,0,0
2,1195,90,66,1.0,0,0,1,0,0,0
2,1235,93,56,1.0,0,0,0,1,1,0
2,1718,94,55,1.0,0,0,0,1,1,1
2,1872,93,66,0.0,0,1,0,0,1,0
2,2038,89,66,0.0,0,1,0,0,1,0
1,109,94,66,1.0,0,0,0,1,1,0
1,313,81,71,1.0,0,1,0,0,1,0
1,403,96,55,0.0,0,0,0,1,1,1
1,615,93,39,1.0,0,0,0,1,1,0
1,720,73,31,1.0,0,1,0,0,0,0
1,808,90,70,0.0,0,1,0,0,0,0
1,917,81,59,1.0,0,0,1,0,0,0
1,959,75,44,1.0,0,1,0,0,0,0
1,1297,72,48,0.0,1,1,0,0,1,0
1,1308,83,79,0.0,0,1,0,0,0,0
1,1898,76,44,1.0,1,1,0,0,0,0
1,2491,73,96,0.0,0,1,0,0,0,0
1,2806,91,29,0.0,0,1,0,0,1,0
2,367,78,25,1.0,0,0,1,0,1,0
2,536,83,52,1.0,0,1,0,0,1,0
2,556,90,54,1.0,0,0,0,1,1,1
2,872,79,28,1.0,0,1,0,0,0,0
2,971,87,34,0.0,0,1,0,0,1,1
2,1459,86,45,1.0,0,1,0,0,1,0
2,1626,76,28,1.0,0,1,0,0,0,0
2,1893,79,31,1.0,0,0,1,0,1,0
2,1980,71,37,1.0,0,1,0,0,0,0
2,2400,76,64,1.0,0,1,0,0,1,0
2,2480,70,19,1.0,0,1,0,0,0,0
2,2703,74,27,1.0,0,1,0,0,0,0
2,2959,91,73,1.0,0,1,0,0,1,0
1,503,77,56,0.0,1,0,1,0,1,0
1,1232,83,42,0.0,1,1,0,0,1,0
1,1280,74,37,1.0,0,1,0,0,0,0
1,2442,72,54,1.0,0,0,1,0,1,1
2,155,86,62,1.0,0,0,1,0,0,0
2,156,93,55,1.0,0,0,1,0,1,1
2,708,82,75,0.0,0,1,0,0,1,1
2,1086,91,48,0.0,0,0,1,0,1,0
2,1088,94,34,0.0,0,0,1,0,1,1
2,1257,72,23,1.0,1,0,1,0,0,0
2,1259,74,26,1.0,0,0,1,0,0,0
2,1369,88,65,0.0,0,1,0,0,1,1
2,1496,91,34,0.0,0,0,1,0,1,0
2,2358,90,57,1.0,0,1,0,0,1,0
2,2428,87,58,1.0,0,1,0,0,1,0
2,2824,92,40,1.0,0,0,0,1,1,1
2,2995,93,39,1.0,0,1,0,0,1,0
1,269,26,71,1.0,0,0,1,0,0,0
1,808,20,38,1.0,0,1,0,0,1,0
1,2131,14,64,1.0,0,1,0,0,1,0
1,2355,10,64,1.0,0,0,0,1,0,0
1,2676,81,35,0.0,0,1,0,0,0,0
1,2714,97,62,0.0,0,1,0,0,1,0
1,2748,93,56,0.0,0,0,0,1,1,0
2,108,90,38,0.0,0,1,0,0,1,0
2,323,89,44,0.0,0,0,0,1,1,0
2,466,76,42,0.0,0,0,1,0,0,0
2,891,93,52,0.0,0,0,0,1,1,0
2,2360,82,44,0.0,0,1,0,0,1,0
2,2362,97,31,0.0,0,0,1,0,1,0
2,2635,90,42,0.0,0,0,0,1,1,0
2,2682,91,57,0.0,0,0,0,1,1,0
2,2842,87,32,1.0,0,1,0,0,1,0
1,134,70,23,0.0,0,0,1,0,0,0
1,364,74,48,0.0,0,1,0,0,0,0
1,575,77,34,0.0,0,0,1,0,1,0
1,697,89,25,0.0,0,0,1,0,0,0
1,926,92,52,0.0,0,0,0,1,1,0
1,96,81,40,0.0,0,0,1,0,0,0
1,203,92,74,0.0,0,1,0,0,1,0
1,205,89,50,0.0,0,0,1,0,0,0
1,230,82,52,0.0,0,0,1,0,0,0
1,404,88,73,0.0,0,0,1,0,1,0
1,913,81,43,0.0,0,0,1,0,1,0
1,56,96,41,1.0,0,0,1,0,1,1
1,219,93,44,0.0,0,1,0,0,1,1
1,693,83,70,0.0,1,0,1,0,1,0
1,1134,86,28,0.0,0,1,0,0,0,0
1,1325,79,47,1.0,0,1,0,0,0,0
1,1590,89,63,1.0,0,1,0,0,1,0
1,1698,77,32,0.0,0,1,0,0,1,0
1,1709,92,43,0.0,0,1,0,0,1,0
1,1914,80,26,0.0,0,1,0,0,0,0
1,2036,78,71,1.0,0,0,1,0,0,0
1,2289,94,48,0.0,0,0,0,1,1,0
1,2489,86,70,1.0,0,1,0,0,1,0
1,2637,86,37,0.0,0,0,1,0,1,0
2,36,82,73,0.0,0,0,1,0,0,0
2,634,96,67,1.0,0,1,0,0,1,0
2,1113,89,25,0.0,0,1,0,0,0,0
2,1164,82,31,0.0,0,1,0,0,0,0
2,1598,89,63,1.0,0,1,0,0,1,0
2,1714,83,36,1.0,0,1,0,0,1,0
2,1892,77,62,0.0,0,1,0,0,1,0
2,1940,78,72,0.0,0,0,1,0,1,0
2,2319,92,37,0.0,0,0,0,1,1,0
2,2444,80,36,0.0,0,0,1,0,1,0
2,2483,77,58,0.0,0,0,0,1,1,0
2,2517,78,64,1.0,0,1,0,0,1,0
2,2777,74,50,0.0,0,1,0,0,1,0
2,2853,81,61,1.0,0,1,0,0,1,0
1,65,72,60,1.0,0,0,1,0,0,0
1,135,76,59,1.0,0,1,0,0,0,0
1,506,78,58,1.0,0,1,0,0,1,0
1,35,79,30,0.0,0,1,0,0,0,0
1,122,88,27,1.0,0,1,0,0,1,0
1,436,92,27,1.0,0,1,0,0,1,0
1,815,77,45,0.0,0,1,0,0,1,0
1,871,79,35,0.0,0,1,0,0,1,0
1,102,91,67,1.0,0,1,0,0,0,0
1,288,71,50,0.0,0,1,0,0,1,0
1,1047,90,69,1.0,0,0,1,0,0,0
1,1276,88,56,1.0,0,0,1,0,0,0
1,1467,93,33,0.0,0,1,0,0,1,0
1,1554,86,66,0.0,0,0,1,0,1,0
1,1568,80,36,0.0,0,1,0,0,1,0
1,1744,81,28,1.0,0,0,1,0,1,0
1,1945,86,40,0.0,0,0,1,0,1,0
1,2026,79,33,0.0,0,0,1,0,1,0
1,2257,71,50,0.0,0,1,0,0,0,0
1,2346,70,30,0.0,1,1,0,0,1,0
2,71,86,58,0.0,0,1,0,0,1,0
2,160,88,39,0.0,0,1,0,0,1,0
2,273,76,34,1.0,0,0,1,0,1,0
2,320,96,53,0.0,0,1,0,0,1,1
2,409,73,39,1.0,0,0,1,0,0,0
2,483,77,74,1.0,0,1,0,0,0,0
2,634,77,63,0.0,0,1,0,0,1,0
2,821,90,54,0.0,0,1,0,0,1,0
2,941,74,42,1.0,0,1,0,0,0,0
2,945,77,69,1.0,0,0,1,0,1,0
2,1079,88,67,0.0,0,1,0,0,1,0
2,1358,86,50,0.0,0,0,1,0,1,0
2,1454,76,48,1.0,0,0,1,0,0,0
2,1787,77,64,0.0,0,0,1,0,1,0
2,2574,92,40,0.0,0,1,0,0,1,0
2,2577,94,52,0.0,0,1,0,0,1,1
2,2791,93,72,1.0,0,1,0,0,1,0
2,2986,88,63,1.0,0,1,0,0,0,0
1,56,79,57,1.0,0,0,1,0,1,0
1,555,65,41,1.0,0,1,0,0,0,0
1,915,74,37,0.0,0,0,1,0,0,0
1,996,88,48,0.0,0,0,1,0,1,0
1,1039,92,64,0.0,0,1,0,0,1,0
1,1212,79,63,0.0,0,1,0,0,0,0
1,1567,83,52,0.0,0,1,0,0,0,0
1,1594,84,30,0.0,0,0,1,0,1,0
1,1648,98,58,0.0,0,1,0,0,1,0
1,1833,89,57,1.0,0,0,0,1,1,0
1,2138,87,35,0.0,0,1,0,0,1,0
1,2145,75,60,0.0,0,1,0,0,0,0
2,139,89,70,1.0,0,1,0,0,1,1
2,229,87,53,0.0,0,1,0,0,1,0
2,395,76,38,1.0,0,1,0,0,1,1
2,666,80,31,0.0,0,1,0,0,0,0
2,1005,95,54,0.0,0,0,0,1,1,0
2,1139,90,59,1.0,0,1,0,0,1,0
2,1207,80,66,0.0,0,1,0,0,1,0
2,1381,93,54,0.0,0,1,0,0,1,0
2,1435,93,27,0.0,0,0,0,1,1,1
2,1639,84,53,0.0,0,1,0,0,0,0
2,1706,91,50,0.0,0,0,0,1,1,1
2,1793,91,29,1.0,0,1,0,0,0,0
2,1973,89,60,0.0,0,0,0,1,1,0
2,2081,90,66,0.0,0,0,0,1,1,0
2,2289,91,33,1.0,0,0,1,0,1,0
2,2404,92,37,0.0,0,0,0,1,1,0
2,2408,93,55,0.0,0,0,0,1,1,0
2,2436,70,57,0.0,0,1,0,0,1,0
2,2497,71,29,0.0,0,0,1,0,1,0
2,2880,69,55,1.0,1,0,1,0,1,0
2,2925,91,42,0.0,0,0,1,0,1,1
1,15,68,72,1.0,0,0,1,0,0,0
1,411,86,25,1.0,0,1,0,0,1,0
1,441,91,65,0.0,0,1,0,0,1,0
1,480,86,45,0.0,0,1,0,0,1,0
1,487,83,46,0.0,0,1,0,0,1,0
1,799,72,66,0.0,0,1,0,0,0,0
1,1401,90,61,1.0,0,0,0,1,1,0
1,1677,90,54,0.0,0,0,1,0,1,0
1,1870,68,16,1.0,1,0,1,0,1,0
1,1995,68,53,1.0,0,0,1,0,1,0
1,2149,81,68,1.0,0,0,1,0,0,0
1,2279,89,36,1.0,0,1,0,0,1,0
1,2375,73,55,0.0,1,1,0,0,1,0
1,2434,91,33,0.0,0,1,0,0,1,0
2,233,88,66,0.0,0,0,1,0,1,0
2,440,72,30,1.0,0,1,0,0,0,0
2,1100,86,14,0.0,1,1,0,0,0,0
2,1254,84,52,0.0,0,1,0,0,1,1
2,1412,74,54,0.0,0,1,0,0,1,0
2,1429,74,39,1.0,0,1,0,0,1,0
2,1545,87,70,1.0,0,0,1,0,0,0
2,1606,69,51,1.0,0,0,1,0,0,0
2,1975,74,72,1.0,0,0,1,0,0,0
2,2001,91,72,1.0,0,1,0,0,0,0
2,2039,96,44,1.0,0,0,0,1,1,0
2,2413,80,38,1.0,0,1,0,0,0,0
2,2430,86,50,1.0,0,0,1,0,0,0
2,2745,92,44,1.0,0,0,0,1,1,0
2,3074,83,51,0.0,1,1,0,0,1,0
1,323,87,14,1.0,1,1,0,0,1,0
1,760,83,49,1.0,0,1,0,0,1,0
1,929,97,45,1.0,0,0,0,1,1,0
1,1312,79,67,0.0,0,1,0,0,0,0
1,1319,74,15,0.0,0,0,1,0,0,0
1,1814,80,53,1.0,0,0,1,0,0,0
1,1964,76,54,0.0,0,0,1,0,1,0
1,2477,74,43,1.0,1,1,0,0,1,0
1,2659,72,67,1.0,0,1,0,0,1,0
1,2775,81,61,0.0,0,0,1,0,1,0
1,2809,88,60,1.0,0,1,0,0,1,0
2,827,71,62,0.0,0,0,1,0,0,0
2,1040,97,41,1.0,0,0,0,1,1,0
2,1658,87,56,1.0,0,0,0,1,1,0
2,2157,90,71,0.0,0,1,0,0,1,0
2,2307,93,37,1.0,0,0,0,1,1,0
2,2407,93,60,0.0,0,0,0,1,1,0
2,2495,76,65,0.0,0,1,0,0,1,0
2,2819,72,50,0.0,0,1,0,0,1,0
2,2853,93,52,0.0,0,0,0,1,1,1
1,618,89,51,0.0,0,0,0,1,1,0
1,662,89,41,0.0,0,0,0,1,1,0
1,787,89,43,0.0,0,0,0,1,1,0
1,9,79,48,1.0,0,0,1,0,0,0
1,120,92,69,1.0,0,1,0,0,0,0
1,411,90,28,1.0,0,0,1,0,1,0
1,546,93,54,1.0,0,0,0,1,1,0
1,703,76,58,1.0,0,1,0,0,0,0
1,890,94,56,1.0,0,0,0,1,1,0
1,1087,72,52,1.0,0,1,0,0,0,0
1,1817,48,89,0.0,0,1,0,0,0,0
1,2101,87,64,0.0,0,1,0,0,1,0
1,2371,90,52,1.0,0,0,0,1,1,1
1,2503,73,35,0.0,0,0,1,0,1,0
1,2587,90,50,0.0,0,0,0,1,1,0
1,2589,98,43,0.0,0,0,1,0,1,0
2,449,71,59,1.0,0,1,0,0,0,0
2,610,82,72,0.0,0,0,1,0,1,0
2,783,87,75,0.0,0,1,0,0,0,0
2,947,76,24,1.0,0,0,1,0,1,1
2,1095,78,41,0.0,0,0,1,0,0,0
2,1098,82,44,0.0,0,0,1,0,1,0
2,1637,80,41,1.0,0,1,0,0,1,0
2,1832,82,63,1.0,0,0,1,0,1,0
2,2618,73,55,1.0,1,0,1,0,1,0
1,96,70,57,1.0,0,1,0,0,1,0
1,434,97,47,0.0,0,1,0,0,1,0
1,454,87,41,1.0,0,1,0,0,1,0
1,457,74,34,1.0,0,1,0,0,1,0
1,593,90,45,0.0,0,1,0,0,1,0
1,726,78,55,1.0,0,1,0,0,0,0
1,879,97,47,0.0,0,0,1,0,1,0
1,1137,76,31,0.0,0,1,0,0,1,0
1,1522,81,20,0.0,0,0,1,0,1,0
1,1769,84,54,0.0,0,1,0,0,0,0
1,1777,75,17,0.0,0,1,0,0,0,0
1,1850,81,69,1.0,0,1,0,0,1,1
1,2106,89,55,0.0,0,0,0,1,1,0
1,2199,74,26,0.0,0,1,0,0,1,0
1,2438,77,28,1.0,1,1,0,0,1,0
1,2478,94,44,1.0,0,1,0,0,1,0
2,341,96,48,0.0,0,1,0,0,1,0
2,402,81,32,0.0,0,1,0,0,0,0
2,541,98,67,0.0,0,1,0,0,1,0
2,974,88,29,1.0,0,0,1,0,1,0
2,1006,95,73,0.0,0,1,0,0,1,0
2,1079,79,38,0.0,0,1,0,0,0,0
2,1463,74,75,0.0,0,0,1,0,0,0
2,1550,72,73,0.0,0,0,1,0,1,0
2,1766,93,74,0.0,0,1,0,0,1,0
2,1768,90,60,0.0,0,1,0,0,1,0
2,1820,90,56,0.0,0,0,0,1,1,1
2,1966,91,40,0.0,0,0,1,0,1,0
2,2100,82,52,0.0,0,1,0,0,1,0
2,2305,89,42,0.0,0,1,0,0,1,0
2,2805,76,42,0.0,0,1,0,0,0,0
2,2894,82,50,0.0,0,1,0,0,1,0
2,2926,92,51,0.0,0,0,0,1,1,0
1,91,93,70,0.0,0,1,0,0,0,0
1,249,93,66,0.0,0,1,0,0,1,0
1,375,93,57,1.0,0,0,0,1,1,0
1,656,91,55,1.0,0,1,0,0,1,0
1,956,81,28,1.0,1,1,0,0,0,0
1,1668,90,62,1.0,0,0,0,1,1,0
1,1849,76,37,0.0,0,0,1,0,1,1
1,1935,78,41,1.0,0,1,0,0,0,0
1,2016,94,45,1.0,0,0,0,1,1,0
1,2215,96,30,0.0,0,1,0,0,1,0
1,2339,93,49,1.0,0,0,0,1,1,1
2,266,77,60,1.0,0,1,0,0,0,0
2,379,87,42,1.0,0,1,0,0,1,0
2,738,78,26,1.0,0,1,0,0,0,0
2,848,91,50,1.0,0,1,0,0,1,0
2,975,91,46,0.0,0,0,0,1,1,0
2,1079,76,35,1.0,0,1,0,0,0,0
2,1590,92,57,0.0,0,0,0,1,1,0
2,1855,87,43,1.0,0,0,1,0,1,0
2,1858,94,68,1.0,0,1,0,0,1,0
2,1911,90,46,1.0,0,0,0,1,1,0
2,2911,96,84,0.0,0,1,0,0,1,0
1,600,90,50,1.0,0,0,0,1,1,1
1,845,94,39,0.0,0,0,0,1,1,0
1,366,85,73,0.0,0,1,0,0,1,0
1,554,92,55,0.0,0,0,0,1,1,1
1,706,77,26,1.0,0,1,0,0,0,0
1,808,77,42,0.0,0,1,0,0,1,0
1,716,71,45,0.0,0,1,0,0,1,0
1,1119,79,59,1.0,0,1,0,0,1,0
1,1791,91,54,1.0,0,0,0,1,1,1
1,2071,77,74,1.0,0,1,0,0,0,0
1,2674,92,68,1.0,0,1,0,0,1,0
2,97,92,58,0.0,0,0,0,1,1,0
2,388,77,14,0.0,0,1,0,0,1,0
2,513,96,39,1.0,0,1,0,0,1,0
2,667,79,29,1.0,0,1,0,0,0,0
2,774,80,58,1.0,0,1,0,0,0,0
2,783,96,40,1.0,0,0,0,1,1,1
2,982,88,55,0.0,0,1,0,0,1,0
2,983,92,41,0.0,0,0,1,0,1,0
2,1237,90,32,1.0,0,0,1,0,1,0
2,1377,81,31,1.0,0,0,1,0,1,0
2,1560,90,56,0.0,0,0,1,0,1,0
2,2208,82,47,1.0,0,0,1,0,0,0
2,2700,81,70,0.0,1,0,1,0,1,0
1,900,91,33,1.0,0,0,1,0,1,0
1,1066,73,41,0.0,0,0,1,0,1,0
1,1113,88,31,1.0,0,1,0,0,1,0
1,1261,86,54,1.0,0,0,1,0,1,0
1,1363,87,60,0.0,0,0,1,0,1,0
1,1833,88,57,0.0,0,0,0,1,1,0
1,1929,79,35,0.0,0,1,0,0,0,0
1,1993,90,36,0.0,0,0,1,0,1,0
1,2167,69,24,0.0,0,0,1,0,0,0
1,2323,80,58,0.0,0,0,1,0,0,0
1,2338,95,69,0.0,0,1,0,0,1,0
1,2472,90,29,0.0,0,0,0,1,0,0
1,2651,73,75,0.0,1,0,1,0,0,0
2,121,88,54,1.0,0,0,0,1,1,0
2,303,88,39,0.0,0,1,0,0,1,0
2,336,94,65,0.0,0,0,0,1,1,1
2,638,79,31,0.0,0,0,1,0,0,0
2,649,90,40,0.0,0,0,1,0,1,0
2,747,77,73,1.0,0,1,0,0,0,0
2,948,88,41,1.0,0,1,0,0,1,0
2,1173,89,47,1.0,0,0,0,1,1,0
2,1318,82,40,0.0,0,0,1,0,0,0
2,1815,77,34,1.0,0,0,1,0,0,0
2,2001,89,55,0.0,0,0,0,1,1,0
2,2141,73,31,1.0,0,1,0,0,1,0
2,2843,85,58,0.0,0,1,0,0,1,0
2,3017,87,35,0.0,0,0,1,0,1,0
1,286,75,60,1.0,1,1,0,0,1,1
1,822,89,44,1.0,0,0,0,1,1,0
1,1097,75,23,0.0,0,1,0,0,1,0
1,1202,78,53,0.0,0,0,1,0,0,0
1,1341,69,29,0.0,0,1,0,0,1,0
1,1862,81,62,0.0,0,0,1,0,1,0
1,2103,83,50,1.0,0,1,0,0,1,0
1,2198,86,59,1.0,0,0,1,0,1,0
1,2552,70,71,0.0,0,1,0,0,0,0
2,621,74,57,1.0,0,1,0,0,1,0
2,906,78,37,0.0,0,0,1,0,0,0
2,1169,85,47,0.0,0,1,0,0,1,0
2,1320,98,70,1.0,0,1,0,0,0,0
2,1369,92,46,0.0,0,0,1,0,1,1
2,1570,90,31,0.0,0,0,1,0,1,0
2,1572,92,53,0.0,0,1,0,0,1,0
2,1675,78,67,0.0,0,1,0,0,1,0
2,1912,91,74,1.0,0,1,0,0,1,0
2,1959,71,54,1.0,0,1,0,0,0,0
2,2243,92,71,0.0,0,1,0,0,1,0
2,2284,93,29,0.0,0,1,0,0,1,0
2,2676,72,74,0.0,0,1,0,0,0,0
2,2787,84,51,1.0,0,0,0,1,1,0
1,454,75,61,1.0,0,1,0,0,0,0
1,497,89,57,1.0,0,0,0,1,1,0
1,687,88,69,0.0,0,0,1,0,0,0
1,947,83,42,0.0,0,0,1,0,1,0
1,991,89,42,0.0,0,1,0,0,1,0
1,124,91,32,0.0,0,0,1,0,1,0
1,185,93,39,0.0,0,0,1,0,1,1
1,522,89,40,0.0,0,0,1,0,1,0
1,636,78,26,0.0,0,1,0,0,1,0
1,866,89,69,0.0,0,1,0,0,1,0
1,218,92,53,0.0,0,1,0,0,1,1
1,660,81,67,1.0,0,0,1,0,0,0
1,677,90,29,0.0,0,1,0,0,1,0
1,823,72,49,1.0,0,1,0,0,1,0
1,865,89,62,1.0,0,0,0,1,1,0
1,1380,86,57,1.0,0,1,0,0,1,0
1,1432,76,39,1.0,0,1,0,0,0,0
1,1750,77,42,0.0,0,1,0,0,0,0
1,2015,88,57,0.0,0,1,0,0,0,0
1,2052,76,47,0.0,0,1,0,0,0,0
1,2055,93,37,0.0,0,1,0,0,1,0
1,2666,85,60,0.0,0,1,0,0,0,0
1,2806,86,37,0.0,0,0,1,0,0,0
2,608,90,70,1.0,0,1,0,0,0,0
2,1215,82,54,1.0,0,1,0,0,0,0
2,1383,73,61,1.0,0,1,0,0,1,0
2,1465,91,65,1.0,0,1,0,0,1,0
2,1500,90,45,1.0,0,0,0,1,1,0
2,1656,87,58,1.0,0,0,0,1,1,0
2,1719,88,37,1.0,0,0,0,1,1,0
2,1827,85,40,0.0,0,1,0,0,0,0
2,2050,89,72,0.0,0,1,0,0,1,0
2,2094,76,26,1.0,0,1,0,0,1,0
2,2188,87,42,0.0,0,1,0,0,1,1
2,2691,67,75,1.0,0,1,0,0,0,0
1,1255,86,65,1.0,0,0,0,1,1,0
1,1418,86,33,1.0,0,0,1,0,0,0
1,1676,87,42,1.0,0,0,1,0,1,1
1,2368,90,51,1.0,0,0,1,0,1,0
1,2569,92,35,1.0,0,0,0,1,1,0
1,2572,91,31,1.0,0,1,0,0,0,0
1,2720,93,48,1.0,0,0,0,1,1,0
2,70,76,61,0.0,0,0,1,0,1,0
2,123,88,35,1.0,0,0,1,0,1,0
2,275,74,55,1.0,0,1,0,0,0,0
2,396,94,73,0.0,0,1,0,0,1,0
2,813,82,54,0.0,0,1,0,0,1,0
2,816,85,45,0.0,0,0,1,0,1,1
2,947,91,32,0.0,0,0,1,0,0,0
2,1132,77,25,1.0,0,1,0,0,0,0
2,1177,75,56,0.0,0,1,0,0,1,1
2,1389,92,53,1.0,0,1,0,0,1,1
2,1802,65,61,1.0,0,1,0,0,1,0
2,1934,81,33,1.0,0,0,1,0,0,0
2,2487,78,76,0.0,0,0,1,0,1,0
2,2589,70,29,1.0,0,1,0,0,1,0
